/*
Navicat MySQL Data Transfer

Source Server         : localhost
Source Server Version : 50721
Source Host           : localhost:3306
Source Database       : mybatis

Target Server Type    : MYSQL
Target Server Version : 50721
File Encoding         : 65001

Date: 2018-09-08 18:07:45
*/

SET FOREIGN_KEY_CHECKS=0;

-- ----------------------------
-- Table structure for country
-- ----------------------------
DROP TABLE IF EXISTS `country`;
CREATE TABLE `country` (
  `id` int(11) NOT NULL AUTO_INCREMENT,
  `countryname` varchar(255) DEFAULT NULL,
  `countrycode` varchar(255) DEFAULT NULL,
  PRIMARY KEY (`id`)
) ENGINE=InnoDB AUTO_INCREMENT=34 DEFAULT CHARSET=utf8;

-- ----------------------------
-- Records of country
-- ----------------------------
INSERT INTO `country` VALUES ('1', '中国', 'CN');
INSERT INTO `country` VALUES ('2', '美国', 'US');
INSERT INTO `country` VALUES ('3', '英国', 'GB');
INSERT INTO `country` VALUES ('4', '俄罗斯', 'RU');
INSERT INTO `country` VALUES ('5', '法国', 'FR');
INSERT INTO `country` VALUES ('6', '德国', 'DE');
INSERT INTO `country` VALUES ('25', '瑞士', 'RS');
INSERT INTO `country` VALUES ('26', '瑞典', 'RD');
INSERT INTO `country` VALUES ('33', '印度', 'YD');

-- ----------------------------
-- Table structure for sys_privilege
-- ----------------------------
DROP TABLE IF EXISTS `sys_privilege`;
CREATE TABLE `sys_privilege` (
  `id` bigint(20) NOT NULL AUTO_INCREMENT COMMENT '权限ID',
  `privilege_name` varchar(50) DEFAULT NULL COMMENT '权限名称',
  `privilege_url` varchar(50) DEFAULT NULL COMMENT '权限url',
  PRIMARY KEY (`id`)
) ENGINE=InnoDB AUTO_INCREMENT=6 DEFAULT CHARSET=utf8 COMMENT='权限表';

-- ----------------------------
-- Records of sys_privilege
-- ----------------------------
INSERT INTO `sys_privilege` VALUES ('1', '用户管理', '/users');
INSERT INTO `sys_privilege` VALUES ('2', '角色管理', '/rooles');
INSERT INTO `sys_privilege` VALUES ('3', '系统日志', '/logs');
INSERT INTO `sys_privilege` VALUES ('4', '人员维护', '/persons');
INSERT INTO `sys_privilege` VALUES ('5', '单位维护', '/companies');

-- ----------------------------
-- Table structure for sys_role
-- ----------------------------
DROP TABLE IF EXISTS `sys_role`;
CREATE TABLE `sys_role` (
  `id` bigint(20) NOT NULL AUTO_INCREMENT COMMENT '角色ID',
  `role_name` varchar(50) DEFAULT NULL COMMENT '角色名',
  `enabled` int(11) DEFAULT NULL COMMENT '有效标志',
  `create_by` bigint(20) DEFAULT NULL COMMENT '创建人',
  `create_time` datetime DEFAULT NULL COMMENT '创建时间',
  PRIMARY KEY (`id`)
) ENGINE=InnoDB AUTO_INCREMENT=3 DEFAULT CHARSET=utf8 COMMENT='角色表';

-- ----------------------------
-- Records of sys_role
-- ----------------------------
INSERT INTO `sys_role` VALUES ('1', '管理员', '1', '1', '2018-08-05 10:50:00');
INSERT INTO `sys_role` VALUES ('2', '普通用户', '2', '2', '2018-08-05 10:51:00');

-- ----------------------------
-- Table structure for sys_role_privilege
-- ----------------------------
DROP TABLE IF EXISTS `sys_role_privilege`;
CREATE TABLE `sys_role_privilege` (
  `role_id` bigint(20) DEFAULT NULL COMMENT '角色ID',
  `privilege_id` bigint(20) DEFAULT NULL COMMENT '权限ID'
) ENGINE=InnoDB DEFAULT CHARSET=utf8 COMMENT='角色权限关联表';

-- ----------------------------
-- Records of sys_role_privilege
-- ----------------------------
INSERT INTO `sys_role_privilege` VALUES ('1', '1');
INSERT INTO `sys_role_privilege` VALUES ('1', '2');
INSERT INTO `sys_role_privilege` VALUES ('1', '3');
INSERT INTO `sys_role_privilege` VALUES ('2', '4');
INSERT INTO `sys_role_privilege` VALUES ('2', '5');

-- ----------------------------
-- Table structure for sys_user
-- ----------------------------
DROP TABLE IF EXISTS `sys_user`;
CREATE TABLE `sys_user` (
  `id` bigint(20) NOT NULL AUTO_INCREMENT COMMENT '用户ID',
  `user_name` varchar(50) DEFAULT NULL COMMENT '用户名',
  `user_password` varchar(50) DEFAULT NULL COMMENT '密码',
  `user_email` varchar(50) DEFAULT NULL COMMENT '邮箱',
  `user_info` text COMMENT '简介',
  `head_img` blob COMMENT '头像',
  `create_time` datetime DEFAULT NULL COMMENT '创建时间',
  PRIMARY KEY (`id`)
) ENGINE=InnoDB AUTO_INCREMENT=1002 DEFAULT CHARSET=utf8 COMMENT='用户表';

-- ----------------------------
-- Records of sys_user
-- ----------------------------
INSERT INTO `sys_user` VALUES ('1', 'admin', '123456', 'admin@onlying.cn', '管理员', null, '2018-08-05 10:48:00');
INSERT INTO `sys_user` VALUES ('1001', 'test', '123456', 'test@onlying.cn', '测试用户', null, '2018-08-05 10:48:00');

-- ----------------------------
-- Table structure for sys_user_role
-- ----------------------------
DROP TABLE IF EXISTS `sys_user_role`;
CREATE TABLE `sys_user_role` (
  `user_id` bigint(20) DEFAULT NULL COMMENT '用户ID',
  `role_id` bigint(20) DEFAULT NULL COMMENT '角色ID'
) ENGINE=InnoDB DEFAULT CHARSET=utf8 COMMENT='用户角色关联表';

-- ----------------------------
-- Records of sys_user_role
-- ----------------------------
INSERT INTO `sys_user_role` VALUES ('1', '1');
INSERT INTO `sys_user_role` VALUES ('1', '2');
INSERT INTO `sys_user_role` VALUES ('1001', '2');
